customer_id,first_name,last_name,genger,birth_date,phone_number,email,discount
1,Myroslava,Kobzar,F,1976-01-15,380505557810,MyroslavaKobzar@mail.com,28
2,Yevheniya,Kulish,F,1988-07-22,380395551122,YevheniyaKulish@mail.com,22
3,Yuliya,Nazarenko,F,1981-12-12,380473155568,YuliyaNazarenko@mail.com,25
4,Vsevolod,Chernyak,M,1990-10-06,380395557647,VsevolodChernyak@mail.com,34
5,Artem,Shirman,M,1974-11-15,380395550941,ArtemShirman@mail.com,11
6,Eduard,Shirman,M,1995-10-11,380395550058,EduardShirman@mail.com,22
7,Oleksandra,Petruk,F,1980-10-29,380395559464,OleksandraPetruk@mail.com,21
8,Larysa,Kravchuk,F,1984-10-17,380505559969,LarysaKravchuk@mail.com,29
9,Anton,Honchar,M,1990-03-24,380635553745,AntonHonchar@mail.com,35
10,Yurij,Mazurenko,M,1991-02-28,380364455541,YurijMazurenko@mail.com,7
11,Lyubov,Bojchuk,F,1982-09-05,380635550405,LyubovBojchuk@mail.com,30
12,Oksana,Tokar,F,1987-10-21,380635553472,OksanaTokar@mail.com,30
13,Hryhorij,Prykhodko,M,1992-11-08,380566955542,HryhorijPrykhodko@mail.com,24
14,Olha,Ihnatenko,F,1972-06-27,380395551539,OlhaIhnatenko@mail.com,21
15,Danylo,Yakymenko,M,1976-06-16,380505551798,DanyloYakymenko@mail.com,27
16,Yevhen,Getman,M,1998-10-22,380505550413,YevhenGetman@mail.com,12
17,Iryna,Bondarchuk,F,1976-11-19,380635551581,IrynaBondarchuk@mail.com,35
18,Yevhen,Naumenko,M,1978-01-13,380395550109,YevhenNaumenko@mail.com,15
19,Tamara,Demchuk,F,1988-04-03,380505559741,TamaraDemchuk@mail.com,29
20,Stanislava,Vlasyuk,F,1992-05-09,380505559725,StanislavaVlasyuk@mail.com,15
21,Serhij,Leshchenko,M,1991-10-24,380635556576,SerhijLeshchenko@mail.com,22
22,Artur,Kramarenko,M,1975-08-19,380635553581,ArturKramarenko@mail.com,7
23,Serhij,Shynkarenko,M,1974-08-29,380395552922,SerhijShynkarenko@mail.com,35
24,Oksana,Gorin,F,1971-10-22,380635553834,OksanaGorin@mail.com,30
25,Yeva,Parkhomenko,F,1998-07-28,380505553585,YevaParkhomenko@mail.com,30
26,Mykyta,Shevchenko,M,1973-12-29,380395550365,MykytaShevchenko@mail.com,9
27,Antonina,Yatsenko,F,1995-05-17,380635555580,AntoninaYatsenko@mail.com,6
28,Roman,Valenyuk,M,1997-11-17,380635553472,RomanValenyuk@mail.com,28
29,Tamara,Ilchenko,F,1984-01-14,380113755589,TamaraIlchenko@mail.com,11
30,Vsevolod,Romanenko,M,1980-03-16,380452155562,VsevolodRomanenko@mail.com,32
31,Denys,Holovko,M,1988-01-03,380411255570,DenysHolovko@mail.com,28
32,Yukhym,Lyashko,M,2001-04-26,380395559856,YukhymLyashko@mail.com,25
33,Yuliya,Babych,F,1973-12-16,380180655538,YuliyaBabych@mail.com,21
34,Ivanna,Slobodyan,F,1975-03-08,380395553711,IvannaSlobodyan@mail.com,12
35,Tayisiya,Serdyuk,F,2001-01-04,380267655559,TayisiyaSerdyuk@mail.com,30
36,Yevheniya,Morhun,F,1975-09-11,380478255582,YevheniyaMorhun@mail.com,20
37,Taras,Ponomarenko,M,1976-03-14,380395556584,TarasPonomarenko@mail.com,22
38,Stanislava,Chernenko,F,2001-02-28,380635554318,StanislavaChernenko@mail.com,25
39,Anton,Ponomarenko,M,1986-06-09,380395555720,AntonPonomarenko@mail.com,17
40,Ivan,Movchan,M,1989-03-17,380395559606,IvanMovchan@mail.com,27
41,Heorhij,Buryak,M,1982-08-09,380635552387,HeorhijBuryak@mail.com,9
42,Ulyana,Sayenko,F,1984-05-09,380395554330,UlyanaSayenko@mail.com,12
43,Yukhym,Tarasyuk,M,1997-04-05,380595655581,YukhymTarasyuk@mail.com,8
44,Zynovij,Cheban,M,1971-05-29,380401155577,ZynovijCheban@mail.com,35
45,Nina,Lebid,F,1999-05-01,380505558986,NinaLebid@mail.com,23
46,Taras,Buhaj,M,1981-11-14,380395552935,TarasBuhaj@mail.com,26
47,Vladyslava,Naumenko,F,1989-12-13,380582455577,VladyslavaNaumenko@mail.com,25
48,Rostyslav,Kolisnyk,M,1975-03-15,380395559615,RostyslavKolisnyk@mail.com,12
49,Liliya,Kondratyuk,F,1992-05-02,380635556249,LiliyaKondratyuk@mail.com,31
50,Anzhela,Ponomarenko,F,1971-02-09,380505557748,AnzhelaPonomarenko@mail.com,23
51,Rostyslav,Rudenko,M,1973-05-24,380195555550,RostyslavRudenko@mail.com,8
52,Ulyana,Dudnyk,F,2000-03-14,380670555553,UlyanaDudnyk@mail.com,9
53,Orest,Kondratyuk,M,1999-02-28,380635558896,OrestKondratyuk@mail.com,22
54,Eduard,Movchan,M,1986-06-22,380573455590,EduardMovchan@mail.com,8
55,Volodymyr,Valenyuk,M,1989-12-19,380395553262,VolodymyrValenyuk@mail.com,11
56,Leonid,Musiyenko,M,1991-06-06,380638555820,LeonidMusiyenko@mail.com,25
57,Myron,Yevtushenko,M,1987-01-27,380395552131,MyronYevtushenko@mail.com,10
58,Oksana,Kolisnyk,F,1994-04-15,380395552855,OksanaKolisnyk@mail.com,18
59,Rostyslav,Havrylyuk,M,1978-08-27,380395551058,RostyslavHavrylyuk@mail.com,31
60,Alla,Lysyuk,F,1997-12-03,380395555515,AllaLysyuk@mail.com,22
61,Yuliya,Datsenko,F,1994-01-01,380395555551,YuliyaDatsenko@mail.com,19
62,Dmytro,Movchan,M,1995-08-25,380354455502,DmytroMovchan@mail.com,35
63,Ulyana,Slobodyan,F,1978-11-21,380395556052,UlyanaSlobodyan@mail.com,9
64,Kseniya,Tarasyuk,F,1981-11-15,380395555811,KseniyaTarasyuk@mail.com,25
65,Zhanna,Kravets,F,1993-09-05,380395552078,ZhannaKravets@mail.com,10
66,Yurij,Horban,M,1985-10-24,380635553634,YurijHorban@mail.com,23
67,Taras,Solovej,M,1971-02-10,380505558457,TarasSolovej@mail.com,13
68,Yuliya,Didyk,F,1978-11-18,380565055504,YuliyaDidyk@mail.com,25
69,Vita,Dudnyk,F,1999-07-17,380505551012,VitaDudnyk@mail.com,25
70,Valentyna,Petruk,F,1981-11-10,380282655503,ValentynaPetruk@mail.com,8
71,Lyubov,Didyk,F,1999-02-09,380505555052,LyubovDidyk@mail.com,5
72,Afanasij,Naumenko,M,1973-08-06,380505559583,AfanasijNaumenko@mail.com,24
73,Zynovij,Kohut,M,1990-11-22,380395552599,ZynovijKohut@mail.com,29
74,Zynovij,Khudenko,M,1983-02-12,380395552507,ZynovijKhudenko@mail.com,33
75,Halyna,Yatsenko,F,1996-11-02,380395557364,HalynaYatsenko@mail.com,18
76,Andrij,Horban,M,1988-11-29,380635559903,AndrijHorban@mail.com,25
77,Valentyna,Kramarenko,F,1971-06-18,380395551403,ValentynaKramarenko@mail.com,34
78,Myroslav,Kravchenko,M,1974-12-14,380395552599,MyroslavKravchenko@mail.com,33
79,Svyatoslav,Serdyuk,M,2000-04-12,380123055564,SvyatoslavSerdyuk@mail.com,24
80,Taras,Maslyanko,M,1987-11-10,380635554654,TarasMaslyanko@mail.com,8
81,Olesya,Omelchuk,F,1993-04-21,380635553735,OlesyaOmelchuk@mail.com,24
82,Lyubov,Kravchuk,F,1971-02-19,380395552225,LyubovKravchuk@mail.com,26
83,Mykyta,Kosenko,M,1991-04-25,380505559008,MykytaKosenko@mail.com,17
84,Hanna,Yevtushenko,F,1988-08-18,380395552481,HannaYevtushenko@mail.com,7
85,Zynovij,Kondratyuk,M,1988-09-14,380635550425,ZynovijKondratyuk@mail.com,31
86,Svitlana,Fesenko,F,1976-05-26,380505552170,SvitlanaFesenko@mail.com,14
87,Andrij,Demydenko,M,1979-06-23,380184555727,AndrijDemydenko@mail.com,23
88,Kyrylo,Fesenko,M,1970-12-08,380635552917,KyryloFesenko@mail.com,16
89,Khrystyna,Leshchenko,F,1996-12-21,380505553300,KhrystynaLeshchenko@mail.com,33
90,Yana,Savenko,F,1994-01-02,380395556307,YanaSavenko@mail.com,12
91,Eduard,Kalinichenko,M,1988-08-19,380635550763,EduardKalinichenko@mail.com,17
92,Yana,Kysil,F,1981-04-09,380287055562,YanaKysil@mail.com,27
93,Nina,Martynenko,F,1983-01-20,380395558991,NinaMartynenko@mail.com,23
94,Eduard,Usenko,M,1983-01-26,380505552124,EduardUsenko@mail.com,9
95,Anastasiya,Velychko,F,1988-03-31,380635550112,AnastasiyaVelychko@mail.com,29
96,Natalya,Demydenko,F,1993-10-26,380635552727,NatalyaDemydenko@mail.com,28
97,Liliya,Stepanenko,F,1985-04-28,380161055526,LiliyaStepanenko@mail.com,34
98,Stanislav,Voloshchuk,M,1970-04-05,380635553726,StanislavVoloshchuk@mail.com,31
99,Yeva,Balko,F,1987-11-29,380505558967,YevaBalko@mail.com,13
100,Roman,Olijnyk,M,1976-03-31,380635550290,RomanOlijnyk@mail.com,35
